Sample_Name	Chromosome	Start_Position_bp	End_Position_bp	Copy_Number	Max_Log_BF	Length_bp	LRR_mean	LRR_SD	BAF_mean	BAF_SD	BAF_drift	NumCNV_bin
sample001	11	18949220	18956690	1	20.459	7470	-0.0114	0.1169	0.5012	0.0378	0.000118	0
sample001	11	55365761	55451045	0	114.903	85284	-0.0114	0.1169	0.5012	0.0378	0.000118	0
sample001	12	93564982	93581690	1	18.208	16708	-0.0114	0.1169	0.5012	0.0378	0.000118	0
sample001	13	69247022	69267981	1	35.279	20959	-0.0114	0.1169	0.5012	0.0378	0.000118	0
sample001	3	53024022	53035044	1	20.059	11022	-0.0114	0.1169	0.5012	0.0378	0.000118	0
sample001	4	144784844	144896250	3	42.592	111406	-0.0114	0.1169	0.5012	0.0378	0.000118	0
sample001	6	31360255	31453640	3	511.771	93385	-0.0114	0.1169	0.5012	0.0378	0.000118	0
sample002	1	12838517	12852872	1	15.095	14355	-0.0335	0.1593	0.5062	0.0543	0.001007	0
sample002	16	49913093	49917064	1	14.513	3971	-0.0335	0.1593	0.5062	0.0543	0.001007	0
sample002	19	43328006	43519442	1	53.647	191436	-0.0335	0.1593	0.5062	0.0543	0.001007	0
sample002	22	23692738	24998182	3	326.785	1305444	-0.0335	0.1593	0.5062	0.0543	0.001007	0
sample002	3	170970433	170984600	1	14.157	14167	-0.0335	0.1593	0.5062	0.0543	0.001007	0
sample002	5	140225908	140233387	1	26.857	7479	-0.0335	0.1593	0.5062	0.0543	0.001007	0
sample002	9	77877793	77905427	1	11.22	27634	-0.0335	0.1593	0.5062	0.0543	0.001007	0
